,사고번호,사고일시,요일,시군구,사고내용,사망자수,중상자수,경상자수,부상신고자수,사고유형,법규위반,노면상태,기상상태,도로형태,가해운전자 차종,가해운전자 성별,가해운전자 연령,가해운전자 상해정도,피해운전자 차종,피해운전자 성별,피해운전자 연령,피해운전자 상해정도
0,2018010200100118,2018년 1월 2일 09시,화요일,세종특별자치시 세종특별자치시 조치원읍,경상사고,0,0,1,0,차대사람 - 횡단중,안전운전불이행,포장 - 건조,맑음,교차로 - 교차로부근,승용,남,21세,상해없음,보행자,여,78세,경상
1,2018010400100033,2018년 1월 4일 03시,목요일,세종특별자치시 세종특별자치시 조치원읍,사망사고,1,0,0,0,차대사람 - 차도통행중,과속,포장 - 건조,맑음,단일로 - 고가도로위,승용,남,64세,상해없음,보행자,남,57세,사망
2,2018010400100337,2018년 1월 4일 18시,목요일,세종특별자치시 세종특별자치시 고운동,경상사고,0,0,1,0,차대사람 - 횡단중,안전운전불이행,포장 - 건조,맑음,교차로 - 교차로부근,승합,남,30세,상해없음,보행자,남,7세,경상
3,2018010600100272,2018년 1월 6일 14시,토요일,세종특별자치시 세종특별자치시 조치원읍,부상신고사고,0,0,0,1,차대사람 - 차도통행중,안전운전불이행,포장 - 건조,맑음,교차로 - 교차로안,승용,남,21세,상해없음,보행자,여,60세,부상신고
4,2018010800100117,2018년 1월 8일 08시,월요일,세종특별자치시 세종특별자치시 한솔동,경상사고,0,0,1,0,차대사람 - 기타,안전운전불이행,포장 - 적설,눈,교차로 - 교차로부근,승용,여,42세,상해없음,보행자,남,28세,경상
5,2018010800100561,2018년 1월 8일 21시,월요일,세종특별자치시 세종특별자치시 어진동,경상사고,0,0,1,0,차대사람 - 횡단중,신호위반,포장 - 젖음/습기,흐림,교차로 - 교차로횡단보도내,승용,남,60세,상해없음,보행자,남,51세,경상
6,2018010900100491,2018년 1월 9일 18시,화요일,세종특별자치시 세종특별자치시 어진동,중상사고,0,1,0,0,차대사람 - 횡단중,안전운전불이행,포장 - 젖음/습기,흐림,교차로 - 교차로횡단보도내,승용,남,33세,상해없음,보행자,남,55세,중상
7,2018011100100454,2018년 1월 11일 18시,목요일,세종특별자치시 세종특별자치시 한솔동,중상사고,0,1,0,0,차대사람 - 횡단중,보행자보호의무위반,포장 - 건조,맑음,단일로 - 기타,승용,남,61세,상해없음,보행자,여,13세,중상
8,2018011300100556,2018년 1월 13일 23시,토요일,세종특별자치시 세종특별자치시 조치원읍,사망사고,1,0,0,0,차대사람 - 기타,안전운전불이행,포장 - 기타,맑음,단일로 - 기타,화물,남,75세,상해없음,보행자,남,73세,사망
9,2018011900100084,2018년 1월 19일 06시,금요일,세종특별자치시 세종특별자치시 어진동,중상사고,0,1,0,0,차대사람 - 차도통행중,안전운전불이행,포장 - 젖음/습기,흐림,단일로 - 기타,승용,남,48세,상해없음,보행자,남,29세,중상
10,2018012100100169,2018년 1월 21일 12시,일요일,세종특별자치시 세종특별자치시 나성동,중상사고,0,1,0,0,차대사람 - 횡단중,안전운전불이행,포장 - 건조,맑음,기타 - 기타,승용,여,36세,상해없음,보행자,여,13세,중상
11,2018012200100228,2018년 1월 22일 13시,월요일,세종특별자치시 세종특별자치시 조치원읍,경상사고,0,0,1,0,차대사람 - 횡단중,보행자보호의무위반,포장 - 건조,맑음,단일로 - 기타,승용,남,64세,상해없음,보행자,여,25세,경상
12,2018012200100428,2018년 1월 22일 18시,월요일,세종특별자치시 세종특별자치시 연동면,중상사고,0,1,0,0,차대사람 - 횡단중,안전운전불이행,포장 - 젖음/습기,비,교차로 - 교차로안,승용,남,33세,상해없음,보행자,여,53세,중상
13,2018012500100524,2018년 1월 25일 22시,목요일,세종특별자치시 세종특별자치시 보람동,중상사고,0,1,0,0,차대사람 - 기타,안전운전불이행,포장 - 건조,맑음,단일로 - 기타,승합,남,37세,상해없음,보행자,여,62세,중상
14,2018012700100436,2018년 1월 27일 19시,토요일,세종특별자치시 세종특별자치시 금남면,중상사고,0,1,0,0,차대사람 - 차도통행중,안전운전불이행,포장 - 건조,맑음,단일로 - 기타,화물,남,58세,상해없음,보행자,남,82세,중상
15,2018013100100567,2018년 1월 31일 22시,수요일,세종특별자치시 세종특별자치시 어진동,중상사고,0,1,0,0,차대사람 - 횡단중,안전운전불이행,포장 - 건조,맑음,단일로 - 기타,승용,여,49세,상해없음,보행자,남,53세,중상
16,2018020500100386,2018년 2월 5일 15시,월요일,세종특별자치시 세종특별자치시 조치원읍,경상사고,0,0,1,0,차대사람 - 횡단중,안전운전불이행,포장 - 건조,맑음,단일로 - 기타,승용,남,39세,상해없음,보행자,남,62세,경상
17,2018020900100423,2018년 2월 9일 16시,금요일,세종특별자치시 세종특별자치시 종촌동,경상사고,0,0,1,0,차대사람 - 횡단중,신호위반,포장 - 건조,맑음,단일로 - 기타,화물,남,47세,상해없음,보행자,남,8세,경상
18,2018021700100179,2018년 2월 17일 15시,토요일,세종특별자치시 세종특별자치시 조치원읍,경상사고,0,0,1,0,차대사람 - 보도통행중,안전운전불이행,포장 - 건조,맑음,기타 - 기타,승용,여,46세,상해없음,보행자,여,53세,경상
19,2018022200100552,2018년 2월 22일 22시,목요일,세종특별자치시 세종특별자치시 조치원읍,경상사고,0,0,1,0,차대사람 - 기타,안전운전불이행,포장 - 건조,맑음,교차로 - 교차로안,승합,남,35세,상해없음,보행자,남,66세,경상
20,2018022300100253,2018년 2월 23일 11시,금요일,세종특별자치시 세종특별자치시 조치원읍,경상사고,0,0,1,0,차대사람 - 횡단중,보행자보호의무위반,포장 - 건조,맑음,단일로 - 기타,승용,남,67세,상해없음,보행자,여,47세,경상
21,2018022300100283,2018년 2월 23일 12시,금요일,세종특별자치시 세종특별자치시 조치원읍,중상사고,0,1,0,0,차대사람 - 기타,안전운전불이행,포장 - 건조,맑음,단일로 - 기타,승합,남,60세,상해없음,보행자,여,54세,중상
22,2018022600100381,2018년 2월 26일 16시,월요일,세종특별자치시 세종특별자치시 소담동,경상사고,0,0,1,0,차대사람 - 횡단중,기타,포장 - 건조,맑음,기타 - 기타,승용,남,60세,상해없음,보행자,남,14세,경상
23,2018030100100385,2018년 3월 1일 18시,목요일,세종특별자치시 세종특별자치시 조치원읍,경상사고,0,0,1,0,차대사람 - 차도통행중,안전운전불이행,포장 - 건조,맑음,단일로 - 기타,기타불명,기타불명,미분류,기타불명,보행자,남,41세,경상
24,2018031600100148,2018년 3월 16일 09시,금요일,세종특별자치시 세종특별자치시 새롬동,중상사고,0,2,0,0,차대사람 - 기타,신호위반,포장 - 건조,맑음,교차로 - 교차로횡단보도내,건설기계,남,57세,상해없음,보행자,여,30세,중상
25,2018031900100439,2018년 3월 19일 19시,월요일,세종특별자치시 세종특별자치시 고운동,중상사고,0,1,0,0,차대사람 - 기타,보행자보호의무위반,포장 - 젖음/습기,비,교차로 - 교차로횡단보도내,승합,남,28세,상해없음,보행자,남,26세,중상
26,2018032300100254,2018년 3월 23일 13시,금요일,세종특별자치시 세종특별자치시 도담동,중상사고,0,1,0,0,차대사람 - 기타,안전운전불이행,포장 - 건조,맑음,단일로 - 기타,승합,남,45세,상해없음,보행자,여,81세,중상
27,2018032600100559,2018년 3월 26일 22시,월요일,세종특별자치시 세종특별자치시 도담동,중상사고,0,1,0,0,차대사람 - 횡단중,안전운전불이행,포장 - 건조,맑음,교차로 - 교차로안,승용,남,49세,상해없음,보행자,여,74세,중상
28,2018032700100359,2018년 3월 27일 17시,화요일,세종특별자치시 세종특별자치시 연서면,중상사고,0,1,0,0,차대사람 - 차도통행중,중앙선침범,포장 - 건조,맑음,단일로 - 기타,승용,남,58세,상해없음,보행자,남,81세,중상
29,2018033000100067,2018년 3월 30일 05시,금요일,세종특별자치시 세종특별자치시 연서면,경상사고,0,0,1,0,차대사람 - 길가장자리구역통행중,안전운전불이행,포장 - 건조,맑음,교차로 - 교차로부근,건설기계,남,38세,상해없음,보행자,남,75세,경상
30,2018033000100241,2018년 3월 30일 12시,금요일,세종특별자치시 세종특별자치시 조치원읍,중상사고,0,1,0,0,차대사람 - 기타,안전운전불이행,포장 - 건조,맑음,단일로 - 기타,화물,여,48세,상해없음,보행자,여,82세,중상
31,2018040300100111,2018년 4월 3일 08시,화요일,세종특별자치시 세종특별자치시 조치원읍,중상사고,0,1,0,0,차대사람 - 횡단중,보행자보호의무위반,포장 - 건조,맑음,단일로 - 기타,승용,남,47세,상해없음,보행자,여,11세,중상
32,2018040300100280,2018년 4월 3일 13시,화요일,세종특별자치시 세종특별자치시 조치원읍,경상사고,0,0,1,0,차대사람 - 기타,안전운전불이행,포장 - 건조,맑음,기타 - 기타,승용,여,23세,상해없음,보행자,여,38세,경상
33,2018040500100569,2018년 4월 5일 21시,목요일,세종특별자치시 세종특별자치시 고운동,경상사고,0,0,1,0,차대사람 - 횡단중,보행자보호의무위반,포장 - 젖음/습기,비,교차로 - 교차로안,승용,여,56세,상해없음,보행자,남,44세,경상
34,2018040700100033,2018년 4월 7일 01시,토요일,세종특별자치시 세종특별자치시 조치원읍,중상사고,0,1,0,0,차대사람 - 차도통행중,안전운전불이행,포장 - 건조,흐림,교차로 - 교차로부근,승용,남,36세,상해없음,보행자,남,63세,중상
35,2018041100100013,2018년 4월 11일 00시,수요일,세종특별자치시 세종특별자치시 부강면,경상사고,0,0,1,0,차대사람 - 기타,안전운전불이행,포장 - 젖음/습기,비,주차장 - 주차장,승용,남,36세,상해없음,보행자,남,46세,경상
36,2018041200100219,2018년 4월 12일 11시,목요일,세종특별자치시 세종특별자치시 조치원읍,경상사고,0,0,1,0,차대사람 - 기타,안전운전불이행,포장 - 건조,맑음,단일로 - 기타,승용,남,63세,상해없음,보행자,남,50세,경상
37,2018041400100231,2018년 4월 14일 11시,토요일,세종특별자치시 세종특별자치시 새롬동,경상사고,0,0,1,0,차대사람 - 길가장자리구역통행중,안전운전불이행,포장 - 젖음/습기,비,단일로 - 기타,승용,남,64세,상해없음,보행자,여,63세,경상
38,2018041400100429,2018년 4월 14일 17시,토요일,세종특별자치시 세종특별자치시 금남면,경상사고,0,0,1,0,차대사람 - 횡단중,안전운전불이행,포장 - 건조,흐림,단일로 - 기타,승용,남,52세,상해없음,보행자,남,12세,경상
39,2018041700100340,2018년 4월 17일 15시,화요일,세종특별자치시 세종특별자치시 아름동,경상사고,0,0,1,0,차대사람 - 기타,신호위반,포장 - 건조,맑음,교차로 - 교차로부근,승용,여,34세,상해없음,보행자,여,57세,경상
40,2018042000100022,2018년 4월 20일 01시,금요일,세종특별자치시 세종특별자치시 어진동,중상사고,0,1,0,0,차대사람 - 횡단중,보행자보호의무위반,포장 - 건조,맑음,교차로 - 교차로안,승용,남,23세,상해없음,보행자,남,38세,중상
41,2018042100100422,2018년 4월 21일 16시,토요일,세종특별자치시 세종특별자치시 조치원읍,중상사고,0,1,0,0,차대사람 - 보도통행중,신호위반,포장 - 건조,맑음,단일로 - 기타,승용,남,78세,상해없음,보행자,여,15세,중상
42,2018042700100148,2018년 4월 27일 09시,금요일,세종특별자치시 세종특별자치시 종촌동,경상사고,0,0,2,0,차대사람 - 기타,안전운전불이행,포장 - 건조,맑음,단일로 - 기타,승합,남,49세,상해없음,보행자,여,74세,경상
43,2018042700100149,2018년 4월 27일 09시,금요일,세종특별자치시 세종특별자치시 어진동,중상사고,0,1,0,0,차대사람 - 횡단중,보행자보호의무위반,포장 - 건조,맑음,교차로 - 교차로횡단보도내,화물,남,60세,상해없음,보행자,남,6세,중상
44,2018042800100375,2018년 4월 28일 14시,토요일,세종특별자치시 세종특별자치시 조치원읍,중상사고,0,1,0,0,차대사람 - 기타,안전운전불이행,포장 - 건조,맑음,단일로 - 기타,승용,남,50세,상해없음,보행자,남,68세,중상
45,2018042900100307,2018년 4월 29일 15시,일요일,세종특별자치시 세종특별자치시 나성동,중상사고,0,1,0,0,차대사람 - 보도통행중,기타,포장 - 건조,맑음,기타 - 기타,자전거,남,19세,상해없음,보행자,여,52세,중상
46,2018043000100146,2018년 4월 30일 09시,월요일,세종특별자치시 세종특별자치시 종촌동,경상사고,0,0,1,0,차대사람 - 보도통행중,보행자보호의무위반,포장 - 건조,맑음,기타 - 기타,승용,여,37세,상해없음,보행자,여,49세,경상
47,2018050400100555,2018년 5월 4일 19시,금요일,세종특별자치시 세종특별자치시 다정동,부상신고사고,0,0,0,1,차대사람 - 횡단중,보행자보호의무위반,포장 - 건조,맑음,교차로 - 교차로부근,승용,여,36세,상해없음,보행자,남,3세,부상신고
48,2018050900100242,2018년 5월 9일 12시,수요일,세종특별자치시 세종특별자치시 새롬동,중상사고,0,1,0,0,차대사람 - 기타,안전운전불이행,포장 - 건조,맑음,단일로 - 기타,승용,여,39세,상해없음,보행자,남,60세,중상
49,2018051200100662,2018년 5월 12일 22시,토요일,세종특별자치시 세종특별자치시 연기면,중상사고,0,1,0,0,차대사람 - 차도통행중,안전운전불이행,포장 - 젖음/습기,비,단일로 - 기타,승합,남,40세,상해없음,보행자,남,35세,중상
50,2018051300100210,2018년 5월 13일 13시,일요일,세종특별자치시 세종특별자치시 조치원읍,중상사고,0,1,0,0,차대사람 - 횡단중,보행자보호의무위반,포장 - 건조,맑음,기타 - 기타,승용,여,62세,상해없음,보행자,남,5세,중상
51,2018051900100214,2018년 5월 19일 10시,토요일,세종특별자치시 세종특별자치시 연서면,중상사고,0,1,0,0,차대사람 - 길가장자리구역통행중,안전운전불이행,포장 - 건조,맑음,단일로 - 기타,화물,남,61세,상해없음,보행자,남,87세,중상
52,2018052400100058,2018년 5월 24일 06시,목요일,세종특별자치시 세종특별자치시 금남면,중상사고,0,1,0,0,차대사람 - 기타,안전운전불이행,포장 - 건조,맑음,단일로 - 기타,승용,여,51세,상해없음,보행자,남,60세,중상
53,2018052500100619,2018년 5월 25일 21시,금요일,세종특별자치시 세종특별자치시 도담동,경상사고,0,0,1,0,차대사람 - 보도통행중,기타,포장 - 건조,맑음,기타 - 기타,이륜,남,23세,상해없음,보행자,여,5세,경상
54,2018052600100566,2018년 5월 26일 19시,토요일,세종특별자치시 세종특별자치시 전의면,중상사고,0,1,0,0,차대사람 - 기타,안전운전불이행,포장 - 건조,맑음,단일로 - 기타,승용,여,42세,상해없음,보행자,남,34세,중상
55,2018052800100395,2018년 5월 28일 16시,월요일,세종특별자치시 세종특별자치시 조치원읍,부상신고사고,0,0,0,1,차대사람 - 기타,안전운전불이행,포장 - 건조,맑음,단일로 - 기타,승용,남,29세,상해없음,보행자,여,82세,부상신고
56,2018053000100635,2018년 5월 30일 23시,수요일,세종특별자치시 세종특별자치시 조치원읍,중상사고,0,1,3,0,차대사람 - 차도통행중,안전운전불이행,포장 - 건조,맑음,기타 - 기타,승용,여,59세,상해없음,보행자,남,38세,경상
57,2018053100100142,2018년 5월 31일 08시,목요일,세종특별자치시 세종특별자치시 조치원읍,경상사고,0,0,1,0,차대사람 - 기타,안전운전불이행,포장 - 건조,맑음,단일로 - 기타,승용,여,37세,상해없음,보행자,여,8세,경상
58,2018053100100491,2018년 5월 31일 17시,목요일,세종특별자치시 세종특별자치시 조치원읍,중상사고,0,1,0,0,차대사람 - 횡단중,안전운전불이행,포장 - 건조,맑음,단일로 - 기타,이륜,남,50세,상해없음,보행자,여,79세,중상
59,2018060300100280,2018년 6월 3일 15시,일요일,세종특별자치시 세종특별자치시 연기면,경상사고,0,0,1,0,차대사람 - 기타,안전운전불이행,포장 - 건조,맑음,기타 - 기타,원동기,여,34세,상해없음,보행자,여,32세,경상
60,2018060500100166,2018년 6월 5일 09시,화요일,세종특별자치시 세종특별자치시 조치원읍,경상사고,0,0,1,0,차대사람 - 기타,안전운전불이행,포장 - 건조,맑음,기타 - 기타,이륜,남,73세,상해없음,보행자,남,21세,경상
61,2018060800100418,2018년 6월 8일 16시,금요일,세종특별자치시 세종특별자치시 보람동,중상사고,0,1,0,0,차대사람 - 차도통행중,안전운전불이행,포장 - 건조,맑음,단일로 - 기타,이륜,남,18세,상해없음,보행자,남,49세,중상
62,2018060800100419,2018년 6월 8일 16시,금요일,세종특별자치시 세종특별자치시 아름동,부상신고사고,0,0,0,1,차대사람 - 기타,안전운전불이행,포장 - 건조,맑음,기타 - 기타,자전거,남,12세,상해없음,보행자,여,69세,부상신고
63,2018061100100237,2018년 6월 11일 12시,월요일,세종특별자치시 세종특별자치시 조치원읍,경상사고,0,0,1,0,차대사람 - 횡단중,안전운전불이행,포장 - 건조,맑음,교차로 - 교차로부근,승용,여,44세,상해없음,보행자,여,21세,경상
64,2018061400100377,2018년 6월 14일 16시,목요일,세종특별자치시 세종특별자치시 조치원읍,경상사고,0,0,1,0,차대사람 - 횡단중,안전운전불이행,포장 - 건조,맑음,기타 - 기타,기타불명,기타불명,미분류,기타불명,보행자,여,49세,경상
65,2018061800100514,2018년 6월 18일 18시,월요일,세종특별자치시 세종특별자치시 연동면,경상사고,0,0,1,0,차대사람 - 기타,안전운전불이행,포장 - 건조,맑음,단일로 - 기타,승합,남,43세,상해없음,보행자,남,24세,경상
66,2018061900100056,2018년 6월 19일 06시,화요일,세종특별자치시 세종특별자치시 금남면,경상사고,0,0,1,0,차대사람 - 길가장자리구역통행중,안전운전불이행,포장 - 건조,맑음,단일로 - 기타,화물,남,76세,상해없음,보행자,여,60세,경상
67,2018062500100121,2018년 6월 25일 08시,월요일,세종특별자치시 세종특별자치시 종촌동,중상사고,0,1,0,0,차대사람 - 횡단중,안전운전불이행,포장 - 건조,맑음,단일로 - 기타,승용,여,23세,상해없음,보행자,남,15세,중상
68,2018071300100477,2018년 7월 13일 18시,금요일,세종특별자치시 세종특별자치시 조치원읍,경상사고,0,0,1,0,차대사람 - 횡단중,보행자보호의무위반,포장 - 건조,맑음,기타 - 기타,승합,남,44세,상해없음,보행자,남,75세,경상
69,2018071900100590,2018년 7월 19일 19시,목요일,세종특별자치시 세종특별자치시 장군면,경상사고,0,0,1,0,차대사람 - 기타,안전운전불이행,포장 - 건조,맑음,단일로 - 기타,승용,남,42세,상해없음,보행자,남,5세,경상
70,2018071900100655,2018년 7월 19일 21시,목요일,세종특별자치시 세종특별자치시 조치원읍,중상사고,0,1,0,0,차대사람 - 횡단중,보행자보호의무위반,포장 - 건조,맑음,단일로 - 기타,승합,남,44세,상해없음,보행자,여,14세,중상
71,2018072000100131,2018년 7월 20일 08시,금요일,세종특별자치시 세종특별자치시 종촌동,중상사고,0,1,0,0,차대사람 - 횡단중,보행자보호의무위반,포장 - 건조,맑음,교차로 - 교차로안,승용,남,60세,상해없음,보행자,남,10세,중상
72,2018073000100673,2018년 7월 30일 23시,월요일,세종특별자치시 세종특별자치시 조치원읍,중상사고,0,1,0,0,차대사람 - 기타,보행자보호의무위반,포장 - 건조,맑음,교차로 - 교차로부근,승용,여,58세,상해없음,보행자,남,65세,중상
73,2018080900100186,2018년 8월 9일 10시,목요일,세종특별자치시 세종특별자치시 새롬동,중상사고,0,1,0,0,차대사람 - 횡단중,신호위반,포장 - 건조,맑음,교차로 - 교차로안,승용,여,56세,상해없음,보행자,남,8세,중상
74,2018080900100394,2018년 8월 9일 16시,목요일,세종특별자치시 세종특별자치시 조치원읍,경상사고,0,0,1,0,차대사람 - 기타,기타,포장 - 건조,맑음,단일로 - 기타,승용,남,47세,상해없음,보행자,여,5세,경상
75,2018081000100574,2018년 8월 10일 20시,금요일,세종특별자치시 세종특별자치시 아름동,경상사고,0,0,1,0,차대사람 - 기타,안전운전불이행,포장 - 건조,맑음,단일로 - 기타,승용,여,39세,상해없음,보행자,남,67세,경상
76,2018081100100152,2018년 8월 11일 09시,토요일,세종특별자치시 세종특별자치시 어진동,중상사고,0,1,0,0,차대사람 - 기타,안전운전불이행,포장 - 건조,맑음,교차로 - 교차로부근,승용,여,65세,상해없음,보행자,남,64세,중상
77,2018081900100266,2018년 8월 19일 14시,일요일,세종특별자치시 세종특별자치시 조치원읍,중상사고,0,1,0,0,차대사람 - 횡단중,신호위반,포장 - 건조,맑음,단일로 - 기타,승용,남,57세,상해없음,보행자,여,71세,중상
78,2018091200100069,2018년 9월 12일 06시,수요일,세종특별자치시 세종특별자치시 조치원읍,경상사고,0,0,1,0,차대사람 - 횡단중,안전운전불이행,포장 - 건조,맑음,단일로 - 기타,승용,남,37세,상해없음,보행자,남,75세,경상
79,2018091400100386,2018년 9월 14일 15시,금요일,세종특별자치시 세종특별자치시 고운동,중상사고,0,1,0,0,차대사람 - 횡단중,기타,포장 - 젖음/습기,흐림,단일로 - 기타,승용,남,28세,상해없음,보행자,남,12세,중상
80,2018091700100361,2018년 9월 17일 15시,월요일,세종특별자치시 세종특별자치시 한솔동,중상사고,0,1,0,0,차대사람 - 기타,기타,포장 - 건조,맑음,단일로 - 기타,승합,남,50세,상해없음,보행자,여,69세,중상
81,2018092100100101,2018년 9월 21일 06시,금요일,세종특별자치시 세종특별자치시 나성동,중상사고,0,1,0,0,차대사람 - 기타,안전운전불이행,포장 - 젖음/습기,비,단일로 - 기타,승용,남,68세,상해없음,보행자,여,22세,중상
82,2018092100100790,2018년 9월 21일 21시,금요일,세종특별자치시 세종특별자치시 소정면,사망사고,1,0,0,0,차대사람 - 횡단중,안전운전불이행,포장 - 건조,맑음,교차로 - 교차로부근,화물,남,60세,상해없음,보행자,남,63세,사망
83,2018092300100114,2018년 9월 23일 10시,일요일,세종특별자치시 세종특별자치시 조치원읍,중상사고,0,1,0,0,차대사람 - 길가장자리구역통행중,안전운전불이행,포장 - 건조,맑음,단일로 - 기타,화물,남,54세,상해없음,보행자,남,57세,중상
84,2018092500100024,2018년 9월 25일 02시,화요일,세종특별자치시 세종특별자치시 소정면,사망사고,1,0,0,0,차대사람 - 기타,안전운전불이행,포장 - 건조,맑음,교차로 - 교차로안,화물,남,54세,상해없음,보행자,남,67세,사망
85,2018100200100544,2018년 10월 2일 19시,화요일,세종특별자치시 세종특별자치시 소담동,중상사고,0,1,0,0,차대사람 - 보도통행중,기타,포장 - 건조,맑음,교차로 - 교차로안,이륜,남,18세,상해없음,보행자,남,5세,중상
86,2018100300100226,2018년 10월 3일 12시,수요일,세종특별자치시 세종특별자치시 장군면,경상사고,0,0,1,0,차대사람 - 기타,안전운전불이행,포장 - 건조,맑음,단일로 - 기타,승용,남,57세,기타불명,보행자,남,55세,경상
87,2018100400100282,2018년 10월 4일 12시,목요일,세종특별자치시 세종특별자치시 보람동,중상사고,0,1,0,0,차대사람 - 횡단중,보행자보호의무위반,포장 - 건조,맑음,교차로 - 교차로횡단보도내,승용,여,39세,상해없음,보행자,여,68세,중상
88,2018101000100339,2018년 10월 10일 16시,수요일,세종특별자치시 세종특별자치시 조치원읍,중상사고,0,1,0,0,차대사람 - 횡단중,안전운전불이행,포장 - 건조,맑음,교차로 - 교차로안,승용,여,47세,상해없음,보행자,남,84세,중상
89,2018101100100541,2018년 10월 11일 20시,목요일,세종특별자치시 세종특별자치시 조치원읍,경상사고,0,0,2,0,차대사람 - 횡단중,안전운전불이행,포장 - 건조,맑음,교차로 - 교차로안,화물,남,57세,상해없음,보행자,여,31세,경상
90,2018101500100158,2018년 10월 15일 10시,월요일,세종특별자치시 세종특별자치시 전의면,중상사고,0,1,0,0,차대사람 - 길가장자리구역통행중,안전운전불이행,포장 - 건조,맑음,단일로 - 기타,화물,남,41세,상해없음,보행자,남,57세,중상
91,2018101800100109,2018년 10월 18일 08시,목요일,세종특별자치시 세종특별자치시 한솔동,경상사고,0,0,1,0,차대사람 - 횡단중,신호위반,포장 - 건조,맑음,교차로 - 교차로횡단보도내,승용,남,41세,상해없음,보행자,남,14세,경상
92,2018101800100629,2018년 10월 18일 21시,목요일,세종특별자치시 세종특별자치시 소담동,경상사고,0,0,1,0,차대사람 - 횡단중,안전운전불이행,포장 - 건조,흐림,기타 - 기타,승용,여,22세,상해없음,보행자,여,15세,경상
93,2018103100100494,2018년 10월 31일 18시,수요일,세종특별자치시 세종특별자치시 조치원읍,부상신고사고,0,0,0,1,차대사람 - 횡단중,신호위반,포장 - 건조,맑음,교차로 - 교차로부근,승용,여,21세,상해없음,보행자,남,57세,부상신고
94,2018110200100678,2018년 11월 2일 19시,금요일,세종특별자치시 세종특별자치시 조치원읍,중상사고,0,1,0,0,차대사람 - 횡단중,신호위반,포장 - 건조,맑음,단일로 - 기타,화물,남,27세,상해없음,보행자,여,23세,중상
95,2018111000100105,2018년 11월 10일 06시,토요일,세종특별자치시 세종특별자치시 종촌동,부상신고사고,0,0,0,1,차대사람 - 기타,안전운전불이행,포장 - 건조,맑음,단일로 - 기타,자전거,남,60세,상해없음,보행자,여,68세,부상신고